Sequence,Video ID,PSNR(dB),SSIM,VIF,Compression Ratio (%)
referee,WLF9HMYL,33.766122005823945,0.8915024408698082,1.445544880835135,83.4199734962705
referee,7GS3DQAB,36.52572705672295,0.9654013559222221,1.239530613726903,76.26406766194187
referee,MZGJ2VJR,37.42452563407205,0.9750472828745842,1.1913315119440033,74.01850709984535
referee,CIYYCFTE,36.80659009139522,0.969724950492382,1.215245009143697,75.22758410572669
referee,QH8EN4DH,36.40300253624775,0.9630854916572571,1.25311330427628,76.71495343200543
referee,QUWIOPS5,37.16997023066836,0.9732773303985596,1.1983287058314245,74.43209296342732
referee,8ISANYZX,37.10435633227593,0.9727541270852089,1.2012305739270825,74.54746920355755
referee,S28BQIID,36.257205299043534,0.9600407668948173,1.271033255161173,77.18171109923476
referee,8312RHDG,36.887723886119865,0.9706856390833855,1.2102570048237826,74.98778635073732
referee,SRPDL3IZ,36.96382294161321,0.9714980733394623,1.2066115783653066,74.79854984840789
referee,VKGC7A0K,36.07556537551816,0.9556303897500038,1.2977983205570343,77.79811085865953
referee,VII6CVCU,36.632317673910066,0.9671741864085197,1.2296853799327974,75.8877817048415
referee,WP3B499U,37.30112108578119,0.9742330572009087,1.1942930166873176,74.21974075901296
referee,GATVX35D,37.030982174103194,0.9721368607878685,1.2036504635282146,74.68287652378272
referee,0MT88201,35.20503704663566,0.9326454257965088,1.3940885505059541,79.76271166085087
referee,5C330J9H,35.77030727069376,0.9479775333404541,1.3359834287941115,78.52083526253894
referee,RWHQIC2G,36.719923038599816,0.9685865426063538,1.2221353053651585,75.53216524345284
referee,WPWBG3A5,37.23614365800416,0.9737809723615647,1.196385091581624,74.32760771446262
referee,BZ5UKN27,37.4840958295444,0.9754176026582718,1.1899624572332328,73.92711885244478
referee,JUC05NZI,37.36665462082221,0.974673630297184,1.1928905743178597,74.09745572413871
ant,7LAZ4X4R,33.66271225791108,0.9370237609744072,1.4552440334811552,81.36544458536645
ant,VZIG8RIU,34.193095034418235,0.938760786652565,1.3958957614936667,73.60860002724328
ant,JGEM2ZVT,33.705440841093946,0.9370856755971908,1.4482139220518389,80.35159633928693
ant,QEGYP1XI,33.84559817998904,0.9374429091811181,1.4381951859638389,77.98444604645327
ant,LO88JOGJ,33.749735646400296,0.9371838474273682,1.4390525912795358,79.51103052606395
ant,URGNSP4S,34.07325399039758,0.9383370724320411,1.4118727187950126,74.97556163981793
ant,K0RIY0A4,33.99948183793626,0.9380343118309975,1.4231164402758636,75.85753597487803
ant,GRBBUVIG,33.194403385035514,0.9351754209399223,1.4463074241159941,89.94886038071694
ant,ALAK13GR,33.39170831141642,0.9362063497304917,1.47388182007961,87.74663622920133
ant,L70JH35T,33.6009766839171,0.9368972253799438,1.4622475734069094,82.50600252901077
ant,7806DLHF,33.7983567760951,0.9372904777526856,1.4365903098996595,78.63394860375028
ant,IS7RFB4E,33.95992989616974,0.9378845971822739,1.4281631512889428,76.31648095198514
ant,GSQJ6G5W,34.15215305823649,0.938593237400055,1.3991062217692314,73.99627633029854
ant,HPOX3FA7,34.04106603013454,0.9381850469112396,1.415970009381207,75.3801401543512
ant,WDSSP4UE,33.47804479751338,0.9365877231955528,1.472560775718095,85.46584903114109
ant,MYU113ZS,34.114872041019204,0.938487076163292,1.4079223699781989,74.50234396506032
ant,UH5JF5CG,31.40529798984015,0.9293556335568428,0.9898559712801596,90.45806320504235
ant,60XBTX1A,33.53322144260642,0.9367331948876381,1.4656447206087002,83.83871093141362
ant,MVFKSLQX,33.922261829076014,0.9377480664849281,1.4331442846604645,76.89485389605771
ant,EL3UJ48K,33.88559053016031,0.9376182124018669,1.4346891153842298,77.41238140718811
misato,9B1M89OW,31.838233563742474,0.9230547326803208,1.244334928028948,57.19681184090304
misato,50HUQZMC,32.140240797622184,0.9339618262648582,1.2430025429405764,56.08924923903703
misato,LB31U053,30.771222621817966,0.8447144070267677,1.2247775519320592,62.78459193390312
misato,JRXXSZ74,32.434925095925536,0.940844415128231,1.2304354617390054,55.416782682375896
misato,Y55JOUOB,32.24855773147169,0.9367227926850319,1.2391449338377103,55.79943383280401
misato,FSFPZMKF,32.52580245470955,0.9425342065095902,1.226070923744894,55.27750062182313
misato,ZDI1G4WT,32.38721410811354,0.9399240550398826,1.232907715973233,55.501616108047735
misato,EMCMUX9M,32.01308534709637,0.930057375729084,1.2444137533956539,56.49817656490048
misato,Z6AD7FRT,32.08261667856224,0.9323090130090713,1.2438720359941686,56.25638771170036
misato,L6KURUGR,32.47943564804951,0.9416918414831161,1.2283623216914976,55.350020843321744
misato,KEQKNC0D,31.33529148874466,0.8923248180747032,1.2169372961606555,59.60872075732526
misato,97VUN2C4,31.565864246041052,0.9086048007011414,1.2257704000258862,58.43756943164892
misato,1JQTE4MW,32.29774976408638,0.9379257336258888,1.2377889945927616,55.69600418193834
misato,VCI6GSNH,32.608864013341716,0.9439007595181466,1.2215925728329056,55.163982740022945
misato,JX15J8RG,32.19786105802276,0.935470224916935,1.2408392474103518,55.931528976957935
misato,2RO6FBFF,32.34508799935932,0.9390248620510101,1.2350214889011184,55.58742295951149
misato,47G5YPGX,31.71875940016636,0.917301698923111,1.2396676460354212,57.73358663473746
misato,ZK3XHIFR,32.5675997040121,0.943241206407547,1.2239209484847031,55.21530250628697
misato,MLLO0XW1,31.936594997927454,0.9271325582265854,1.2443873265631842,56.79794746218732
misato,VPSZEOIT,29.66493368768322,0.6894779059290886,1.3454203637845552,70.73020524429985
duck,G6DSHXII,32.171801208787066,0.8758130434155464,1.3128321765706215,66.61858111813123
duck,D3NDOE80,33.21822926077481,0.92330313205719,1.259677634991759,65.69169013581502
duck,RUK8ZD3Y,32.53473972170303,0.8944176977872849,1.2940952538374282,66.23134728134504
duck,UCLBXC0E,33.36258879165801,0.92871237128973,1.252141810179341,65.53457668461921
duck,D8WN6J11,33.70709938410376,0.940178542137146,1.2349415040324911,65.15270933158202
duck,TH3LP5RC,34.18465226003528,0.9527782896161079,1.2130747362169247,64.56195997386921
duck,SQWMHNCK,34.24153182727784,0.9540402579307556,1.2106651949782314,64.44575568972117
duck,UQM0W46I,34.11255056761025,0.9511059299111366,1.2160912243514403,64.6944975842922
duck,FQ4SP5HB,32.82128278931667,0.9073906019330025,1.2788979581385935,66.0138814310497
duck,U7GYE5SK,29.9276648678624,0.6912974220514297,1.6043174174634955,73.86960455841391
duck,S51I6USE,34.044000309324055,0.9494374713301659,1.2192412490509275,64.80084751253365
duck,8RJTY7CX,33.96539139235846,0.9474070093035698,1.22278287166674,64.89935946686607
duck,TSUCB9AA,31.71888053570374,0.8490242427587509,1.3424006372708877,67.24695907155407
duck,M85FUCIK,33.03977778280014,0.9163919496536255,1.267937918163429,65.82200277299933
duck,G63KLM0M,33.49305950829768,0.9333772119879723,1.2460481536026145,65.3903832484799
duck,SOW4DHBP,33.60088653078893,0.9369592192769051,1.2399644680242692,65.27120811938246
duck,Y47YWTTF,33.80256134027996,0.9429220077395439,1.2304344273477732,65.06252206405458
duck,A9AODNYL,31.04543731383127,0.800348878800869,1.40765855976089,68.74662896011262
duck,LUXW96RR,33.89094244145269,0.9453300121426582,1.2261943915759983,64.974344857578
duck,O49AOLDD,34.30215609282452,0.9552714356780052,1.208741679586845,64.30672014608973
